Model,Precision,Recall,F1 Score
LogisticRegression,0.663664843,0.667275098,0.612950345
RandomForestClassifier,0.707630241,0.679009126,0.612287956
GradientBoostingClassifier,0.715569277,0.689439374,0.632062852
MLPClassifier,0.592385898,0.596088657,0.594071342
