Model,Precision,Recall,F1 Score
LogisticRegression,0.716686626,0.712538226,0.612496116
RandomForestClassifier,0.673900131,0.706422018,0.604251353
GradientBoostingClassifier,0.656949506,0.704383282,0.609233281
MLPClassifier,0.637201664,0.656472987,0.644717812
