Model,Precision,Recall,F1 Score
LogisticRegression,0.670047813,0.712541806,0.630953025
RandomForestClassifier,0.713487216,0.72006689,0.628585642
GradientBoostingClassifier,0.766667166,0.72993311,0.641098319
MLPClassifier,0.622126243,0.639632107,0.629568778
