Model,Precision,Recall,F1 Score
LogisticRegression,0.605204925,0.641199478,0.600461944
RandomForestClassifier,0.621463603,0.655541069,0.57990354
GradientBoostingClassifier,0.626066395,0.656323338,0.568050869
MLPClassifier,0.579180738,0.582529335,0.580772589
