Model,Precision,Recall,F1 Score
LogisticRegression,0.596519635,0.632008155,0.589103118
RandomForestClassifier,0.614288071,0.646279307,0.57453514
GradientBoostingClassifier,0.60778256,0.643221203,0.574487607
MLPClassifier,0.550985661,0.536187564,0.542104723
