Model,Precision,Recall,F1 Score
LogisticRegression,0.596565122,0.631438127,0.586111053
RandomForestClassifier,0.586963035,0.633779264,0.544257708
GradientBoostingClassifier,0.602647938,0.63812709,0.525472786
MLPClassifier,0.583013457,0.585284281,0.584099739
