Model,Precision,Recall,F1 Score
LogisticRegression,0.612724493,0.780443286,0.686488338
RandomForestClassifier,0.682252467,0.77809648,0.692728889
GradientBoostingClassifier,0.722222665,0.783050847,0.690211755
MLPClassifier,0.670246419,0.685788787,0.677576651
