Model,Precision,Recall,F1 Score
LogisticRegression,0.701375827,0.77993311,0.687192861
RandomForestClassifier,0.671055107,0.774749164,0.688055668
GradientBoostingClassifier,0.712698425,0.780267559,0.688578458
MLPClassifier,0.673703843,0.709197324,0.688704779
